[
  {"day":"MON","timeSlot":"9-9.50","batch":"PA6","courseName":"Physics Lab-1","room":"PL3","teacher":"Dr. Vaibhav Rawoot"},
  {"day":"MON","timeSlot":"10-10.50","batch":"PA2","courseName":"Physics-1","room":"PL2","teacher":"Dr. Dinesh Tripathi"},
  {"day":"MON","timeSlot":"11-11.50","batch":"PG2","courseName":"Physics-1","room":"PL2","teacher":"Dr. Guru Prasad Kadam"},
  {"day":"MON","timeSlot":"12-12.50","batch":"LA5,A6","courseName":"English","room":"G2","teacher":"Dr. Kanupriya"},
  {"day":"MON","timeSlot":"2-2.50","batch":"LB5,B6","courseName":"Basic Electronics","room":"G9","teacher":"Aanchal Agarwal"},

  {"day":"TUE","timeSlot":"9-9.50","batch":"TA1","courseName":"Physics-1","room":"TS6","teacher":"Dr. Indrani Chakarborty"},
  {"day":"TUE","timeSlot":"10-10.50","batch":"LA1,A2","courseName":"Basic Electronics","room":"G2","teacher":"Prof. Shweta"},
  {"day":"TUE","timeSlot":"11-11.50","batch":"LA1,A2","courseName":"Software Development Fundamentals-1","room":"G2","teacher":"Kapil Madan"},
  {"day":"TUE","timeSlot":"12-12.50","batch":"LA5,A6","courseName":"Mathematics-1","room":"G2","teacher":"Mohd. Prawesh Alam"},
  {"day":"TUE","timeSlot":"2-2.50","batch":"LB9,B10","courseName":"Mathematics-1","room":"CR301","teacher":"Dr. Ram Surat Chauhan"},

  {"day":"WED","timeSlot":"9-9.50","batch":"PB1","courseName":"Engineering Mechanics","room":"CR101","teacher":"Rajesh Kumar"},
  {"day":"WED","timeSlot":"10-10.50","batch":"PB1","courseName":"Mathematics-1","room":"CR101","teacher":"Manoj Kumar"},
  {"day":"WED","timeSlot":"11-11.50","batch":"PB3","courseName":"Engineering Chemistry","room":"CR102","teacher":"Poonam Sharma"},
  {"day":"WED","timeSlot":"12-12.50","batch":"PB3","courseName":"Physics-1","room":"CR102","teacher":"Ajay Singh"},

  {"day":"THU","timeSlot":"9-9.50","batch":"PB4","courseName":"Engineering Drawing","room":"CR103","teacher":"Anil Mehta"},
  {"day":"THU","timeSlot":"10-10.50","batch":"PB4","courseName":"Mathematics-1","room":"CR103","teacher":"Mohd. Prawesh Alam"},
  {"day":"THU","timeSlot":"11-11.50","batch":"PB6","courseName":"Basic Electrical Engineering","room":"CR104","teacher":"Sandeep Verma"},
  {"day":"THU","timeSlot":"12-12.50","batch":"PB6","courseName":"English","room":"CR104","teacher":"Dr. Kanupriya"},

  {"day":"FRI","timeSlot":"9-9.50","batch":"PB7","courseName":"Mathematics-1","room":"CR105","teacher":"Dr. Ram Surat Chauhan"},
  {"day":"FRI","timeSlot":"10-10.50","batch":"PB7","courseName":"Engineering Physics","room":"CR105","teacher":"Dr. Guru Prasad Kadam"},
  {"day":"FRI","timeSlot":"11-11.50","batch":"PB8","courseName":"Engineering Mechanics","room":"CR106","teacher":"Rajesh Kumar"},
  {"day":"FRI","timeSlot":"12-12.50","batch":"PB8","courseName":"Basic Electronics","room":"CR106","teacher":"Aanchal Agarwal"},

  {"day":"SAT","timeSlot":"9-9.50","batch":"PB9","courseName":"Engineering Chemistry","room":"CR107","teacher":"Poonam Sharma"},
  {"day":"SAT","timeSlot":"10-10.50","batch":"PB9","courseName":"Mathematics-1","room":"CR107","teacher":"Manoj Kumar"},
  {"day":"SAT","timeSlot":"11-11.50","batch":"PB10","courseName":"Engineering Drawing","room":"CR108","teacher":"Anil Mehta"},
  {"day":"SAT","timeSlot":"12-12.50","batch":"PB10","courseName":"Physics-1","room":"CR108","teacher":"Ajay Singh"}
]
